<xml xmlns:o="urn:schemas-microsoft-com:office:office">
 <o:MainFile HRef="../Aqua%20Visitor%20Check.htm"/>
 <o:File HRef="item0067.xml"/>
 <o:File HRef="props068.xml"/>
 <o:File HRef="themedata.thmx"/>
 <o:File HRef="colorschememapping.xml"/>
 <o:File HRef="plchdr.htm"/>
 <o:File HRef="image001.png"/>
 <o:File HRef="image002.png"/>
 <o:File HRef="image003.png"/>
 <o:File HRef="image004.png"/>
 <o:File HRef="image005.png"/>
 <o:File HRef="image006.png"/>
 <o:File HRef="image007.png"/>
 <o:File HRef="image008.png"/>
 <o:File HRef="image009.png"/>
 <o:File HRef="image010.png"/>
 <o:File HRef="image012.png"/>
 <o:File HRef="image015.jpg"/>
 <o:File HRef="image011.png"/>
 <o:File HRef="image017.png"/>
 <o:File HRef="image013.png"/>
 <o:File HRef="image014.png"/>
 <o:File HRef="image019.png"/>
 <o:File HRef="image016.png"/>
 <o:File HRef="image020.png"/>
 <o:File HRef="image021.png"/>
 <o:File HRef="image018.png"/>
 <o:File HRef="image022.png"/>
 <o:File HRef="image065.png"/>
 <o:File HRef="image066.png"/>
 <o:File HRef="image023.png"/>
 <o:File HRef="image068.png"/>
 <o:File HRef="image024.png"/>
 <o:File HRef="image025.png"/>
 <o:File HRef="image071.png"/>
 <o:File HRef="image026.png"/>
 <o:File HRef="image032.png"/>
 <o:File HRef="image027.png"/>
 <o:File HRef="image034.png"/>
 <o:File HRef="image028.png"/>
 <o:File HRef="image036.png"/>
 <o:File HRef="image029.png"/>
 <o:File HRef="image038.png"/>
 <o:File HRef="image030.png"/>
 <o:File HRef="image040.png"/>
 <o:File HRef="image031.png"/>
 <o:File HRef="image033.png"/>
 <o:File HRef="image035.png"/>
 <o:File HRef="image043.png"/>
 <o:File HRef="image037.png"/>
 <o:File HRef="image045.png"/>
 <o:File HRef="image039.png"/>
 <o:File HRef="image078.png"/>
 <o:File HRef="image079.png"/>
 <o:File HRef="image081.png"/>
 <o:File HRef="image082.png"/>
 <o:File HRef="image083.png"/>
 <o:File HRef="image089.png"/>
 <o:File HRef="image074.jpg"/>
 <o:File HRef="image090.jpg"/>
 <o:File HRef="image041.png"/>
 <o:File HRef="image091.jpg"/>
 <o:File HRef="image047.jpg"/>
 <o:File HRef="image092.jpg"/>
 <o:File HRef="image049.jpg"/>
 <o:File HRef="image093.jpg"/>
 <o:File HRef="image051.jpg"/>
 <o:File HRef="image094.jpg"/>
 <o:File HRef="image095.png"/>
 <o:File HRef="image054.png"/>
 <o:File HRef="image096.png"/>
 <o:File HRef="header.htm"/>
 <o:File HRef="filelist.xml"/>
</xml>